{"field size": 640, "critter count": 160, "social critters": false, "flower population": [327, 327, 327, 327, 327, 327, 327, 327, 327, 327, 327, 327, 655, 655, 655, 655, 655, 655, 655, 655, 655, 655, 655, 655, 655, 655, 655, 655, 655, 655, 655, 655, 655, 655, 655, 655, 627, 611, 589, 567, 550, 532, 517, 501, 486, 466, 449, 434], "mean flower richness": [10.0, 10.0, 10.0, 10.0, 10.0, 10.0, 10.0, 10.0, 10.0, 10.0, 10.0, 10.0, 10.0, 10.0, 10.0, 10.0, 10.0, 10.0, 10.0, 10.0, 10.0, 10.0, 10.0, 10.0, 9.870229007633588, 9.717557251908397, 9.618320610687023, 9.541984732824428, 9.465648854961833, 9.335877862595419, 9.297709923664122, 9.251908396946565, 9.145038167938932, 9.038167938931299, 8.954198473282442, 8.83969465648855, 8.86762360446571, 8.911620294599018, 8.955857385398982, 8.950617283950617, 8.99090909090909, 9.013157894736842, 9.081237911025145, 9.09181636726547, 9.104938271604938, 9.130901287553648, 9.164810690423163, 9.182027649769585], "nectar gathered": [237, 465, 674, 864, 1048, 1214, 1377, 1545, 1698, 1850, 2026, 2188, 2519, 2789, 3019, 3224, 3442, 3655, 3846, 4039, 4222, 4422, 4614, 4790, 4958, 5130, 5300, 5465, 5612, 5776, 5946, 6098, 6249, 6404, 6569, 6720, 6872, 7012, 7148, 7281, 7413, 7551, 7684, 7810, 7946, 8066, 8202, 8320], "nectar/cycle/critter": [1.48125, 1.425, 1.30625, 1.1875, 1.15, 1.0375, 1.01875, 1.05, 0.95625, 0.95, 1.1, 1.0125, 2.06875, 1.6875, 1.4375, 1.28125, 1.3625, 1.33125, 1.19375, 1.20625, 1.14375, 1.25, 1.2, 1.1, 1.05, 1.075, 1.0625, 1.03125, 0.91875, 1.025, 1.0625, 0.95, 0.94375, 0.96875, 1.03125, 0.94375, 0.95, 0.875, 0.85, 0.83125, 0.825, 0.8625, 0.83125, 0.7875, 0.85, 0.75, 0.85, 0.7375]}