{"field size": 640, "critter count": 160, "social critters": true, "flower population": [327, 327, 327, 327, 327, 327, 327, 327, 327, 327, 327, 327, 655, 655, 655, 655, 655, 655, 655, 655, 655, 655, 655, 655, 655, 655, 655, 655, 655, 655, 655, 655, 655, 655, 655, 655, 637, 624, 602, 580, 561, 537, 522, 501, 478, 461, 448, 434], "mean flower richness": [10.0, 10.0, 10.0, 10.0, 10.0, 10.0, 10.0, 10.0, 10.0, 10.0, 10.0, 10.0, 10.0, 10.0, 10.0, 10.0, 10.0, 10.0, 10.0, 10.0, 10.0, 10.0, 10.0, 10.0, 9.877862595419847, 9.748091603053435, 9.587786259541986, 9.473282442748092, 9.404580152671755, 9.34351145038168, 9.244274809160306, 9.15267175572519, 9.076335877862595, 8.969465648854962, 8.885496183206106, 8.778625954198473, 8.791208791208792, 8.822115384615385, 8.887043189368772, 8.948275862068966, 8.975044563279857, 9.013035381750466, 9.03256704980843, 9.06187624750499, 9.07949790794979, 9.067245119305857, 9.095982142857142, 9.101382488479263], "nectar gathered": [244, 504, 712, 898, 1078, 1265, 1442, 1621, 1806, 1983, 2133, 2293, 2599, 2890, 3130, 3352, 3560, 3764, 3956, 4149, 4319, 4535, 4706, 4897, 5093, 5265, 5451, 5619, 5783, 5944, 6102, 6260, 6408, 6564, 6718, 6880, 7023, 7172, 7322, 7461, 7596, 7731, 7862, 7992, 8127, 8253, 8375, 8499], "nectar/cycle/critter": [1.525, 1.625, 1.3, 1.1625, 1.125, 1.16875, 1.10625, 1.11875, 1.15625, 1.10625, 0.9375, 1.0, 1.9125, 1.81875, 1.5, 1.3875, 1.3, 1.275, 1.2, 1.20625, 1.0625, 1.35, 1.06875, 1.19375, 1.225, 1.075, 1.1625, 1.05, 1.025, 1.00625, 0.9875, 0.9875, 0.925, 0.975, 0.9625, 1.0125, 0.89375, 0.93125, 0.9375, 0.86875, 0.84375, 0.84375, 0.81875, 0.8125, 0.84375, 0.7875, 0.7625, 0.775]}