{"field size": 320, "critter count": 40, "social critters": true, "flower population": [81, 81, 81, 81, 81, 81, 81, 81, 81, 81, 81, 81, 163, 163, 163, 163, 163, 163, 163, 163, 163, 163, 163, 163, 163, 163, 163, 163, 163, 163, 163, 163, 163, 163, 163, 163, 151, 144, 131, 120, 108, 99, 87, 76, 65, 55, 50, 39], "mean flower richness": [10.0, 10.0, 10.0, 10.0, 10.0, 10.0, 10.0, 10.0, 10.0, 10.0, 10.0, 10.0, 10.0, 10.0, 10.0, 10.0, 10.0, 10.0, 10.0, 10.0, 10.0, 10.0, 10.0, 10.0, 9.785276073619633, 9.50920245398773, 9.294478527607362, 9.141104294478527, 8.987730061349692, 8.773006134969325, 8.558282208588958, 8.496932515337424, 8.374233128834355, 8.190184049079754, 8.098159509202453, 7.9447852760736195, 7.9801324503311255, 8.020833333333334, 8.053435114503817, 8.125, 8.148148148148149, 8.131313131313131, 8.333333333333334, 8.421052631578947, 8.538461538461538, 8.909090909090908, 8.9, 8.974358974358974], "nectar gathered": [96, 183, 271, 336, 411, 482, 568, 634, 707, 759, 829, 880, 984, 1087, 1171, 1255, 1331, 1401, 1485, 1579, 1659, 1739, 1811, 1883, 1956, 2025, 2088, 2162, 2244, 2320, 2397, 2471, 2540, 2606, 2669, 2736, 2799, 2854, 2906, 2970, 3027, 3084, 3141, 3190, 3233, 3283, 3335, 3380], "nectar/cycle/critter": [2.4, 2.175, 2.2, 1.625, 1.875, 1.775, 2.15, 1.65, 1.825, 1.3, 1.75, 1.275, 2.6, 2.575, 2.1, 2.1, 1.9, 1.75, 2.1, 2.35, 2.0, 2.0, 1.8, 1.8, 1.825, 1.725, 1.575, 1.85, 2.05, 1.9, 1.925, 1.85, 1.725, 1.65, 1.575, 1.675, 1.575, 1.375, 1.3, 1.6, 1.425, 1.425, 1.425, 1.225, 1.075, 1.25, 1.3, 1.125]}