{"field size": 320, "critter count": 40, "social critters": false, "flower population": [81, 81, 81, 81, 81, 81, 81, 81, 81, 81, 81, 81, 163, 163, 163, 163, 163, 163, 163, 163, 163, 163, 163, 163, 163, 163, 163, 163, 163, 163, 163, 163, 163, 163, 163, 163, 150, 143, 130, 123, 111, 97, 87, 76, 70, 61, 55, 47], "mean flower richness": [10.0, 10.0, 10.0, 10.0, 10.0, 10.0, 10.0, 10.0, 10.0, 10.0, 10.0, 10.0, 10.0, 10.0, 10.0, 10.0, 10.0, 10.0, 10.0, 10.0, 10.0, 10.0, 10.0, 10.0, 9.723926380368098, 9.50920245398773, 9.355828220858896, 9.233128834355828, 9.01840490797546, 8.83435582822086, 8.52760736196319, 8.251533742331288, 8.159509202453988, 8.067484662576687, 7.883435582822086, 7.699386503067485, 7.833333333333333, 7.937062937062937, 8.076923076923077, 8.252032520325203, 8.243243243243244, 8.24742268041237, 8.275862068965518, 8.289473684210526, 8.357142857142858, 8.524590163934427, 8.818181818181818, 8.829787234042554], "nectar gathered": [93, 173, 253, 323, 380, 448, 515, 573, 645, 727, 797, 869, 1006, 1126, 1218, 1312, 1401, 1486, 1571, 1652, 1723, 1798, 1871, 1950, 2026, 2102, 2184, 2253, 2338, 2409, 2479, 2550, 2628, 2712, 2785, 2861, 2929, 2987, 3044, 3099, 3154, 3208, 3262, 3317, 3363, 3409, 3448, 3487], "nectar/cycle/critter": [2.325, 2.0, 2.0, 1.75, 1.425, 1.7, 1.675, 1.45, 1.8, 2.05, 1.75, 1.8, 3.425, 3.0, 2.3, 2.35, 2.225, 2.125, 2.125, 2.025, 1.775, 1.875, 1.825, 1.975, 1.9, 1.9, 2.05, 1.725, 2.125, 1.775, 1.75, 1.775, 1.95, 2.1, 1.825, 1.9, 1.7, 1.45, 1.425, 1.375, 1.375, 1.35, 1.35, 1.375, 1.15, 1.15, 0.975, 0.975]}