{"field size": 160, "critter count": 10, "social critters": false, "flower population": [20, 20, 20, 20, 20, 20, 20, 20, 20, 20, 20, 20, 40, 40, 40, 40, 40, 40, 40, 40, 40, 40, 40, 40, 40, 40, 40, 40, 40, 40, 40, 40, 40, 40, 40, 40, 31, 19, 16, 12, 9, 5, 5, 5, 5, 5, 5, 5], "mean flower richness": [10.0, 10.0, 10.0, 10.0, 10.0, 10.0, 10.0, 10.0, 10.0, 10.0, 10.0, 10.0, 10.0, 10.0, 10.0, 10.0, 10.0, 10.0, 10.0, 10.0, 10.0, 10.0, 10.0, 10.0, 9.75, 9.25, 9.25, 8.875, 8.375, 8.125, 8.0, 8.0, 7.375, 7.125, 7.0, 7.0, 7.096774193548387, 7.631578947368421, 7.8125, 7.916666666666667, 7.222222222222222, 18.0, 26.0, 42.0, 42.0, 42.0, 50.0, 50.0], "nectar gathered": [34, 62, 93, 136, 171, 200, 229, 251, 280, 320, 343, 372, 405, 462, 499, 543, 580, 615, 653, 700, 731, 760, 797, 829, 860, 894, 925, 959, 988, 1027, 1071, 1110, 1144, 1176, 1214, 1254, 1285, 1315, 1336, 1353, 1366, 1379, 1440, 1453, 1481, 1518, 1537, 1550], "nectar/cycle/critter": [3.4, 2.8, 3.1, 4.3, 3.5, 2.9, 2.9, 2.2, 2.9, 4.0, 2.3, 2.9, 3.3, 5.7, 3.7, 4.4, 3.7, 3.5, 3.8, 4.7, 3.1, 2.9, 3.7, 3.2, 3.1, 3.4, 3.1, 3.4, 2.9, 3.9, 4.4, 3.9, 3.4, 3.2, 3.8, 4.0, 3.1, 3.0, 2.1, 1.7, 1.3, 1.3, 6.1, 1.3, 2.8, 3.7, 1.9, 1.3]}