{"field size": 160, "critter count": 10, "social critters": true, "flower population": [20, 20, 20, 20, 20, 20, 20, 20, 20, 20, 20, 20, 40, 40, 40, 40, 40, 40, 40, 40, 40, 40, 40, 40, 40, 40, 40, 40, 40, 40, 40, 40, 40, 40, 40, 40, 35, 27, 24, 18, 13, 11, 9, 8, 5, 5, 5, 5], "mean flower richness": [10.0, 10.0, 10.0, 10.0, 10.0, 10.0, 10.0, 10.0, 10.0, 10.0, 10.0, 10.0, 10.0, 10.0, 10.0, 10.0, 10.0, 10.0, 10.0, 10.0, 10.0, 10.0, 10.0, 10.0, 9.875, 9.625, 9.125, 9.0, 8.875, 8.5, 8.375, 8.25, 8.0, 7.625, 7.25, 7.25, 7.571428571428571, 7.962962962962963, 8.333333333333334, 8.88888888888889, 8.846153846153847, 9.545454545454545, 9.444444444444445, 9.375, 25.0, 42.0, 50.0, 50.0], "nectar gathered": [42, 73, 104, 137, 178, 202, 242, 275, 310, 342, 368, 408, 445, 494, 546, 589, 643, 682, 716, 756, 795, 826, 855, 891, 919, 953, 988, 1020, 1047, 1075, 1100, 1130, 1157, 1182, 1211, 1243, 1270, 1302, 1324, 1349, 1366, 1377, 1393, 1412, 1430, 1443, 1451, 1491], "nectar/cycle/critter": [4.2, 3.1, 3.1, 3.3, 4.1, 2.4, 4.0, 3.3, 3.5, 3.2, 2.6, 4.0, 3.7, 4.9, 5.2, 4.3, 5.4, 3.9, 3.4, 4.0, 3.9, 3.1, 2.9, 3.6, 2.8, 3.4, 3.5, 3.2, 2.7, 2.8, 2.5, 3.0, 2.7, 2.5, 2.9, 3.2, 2.7, 3.2, 2.2, 2.5, 1.7, 1.1, 1.6, 1.9, 1.8, 1.3, 0.8, 4.0]}